{"cameraMode":{"drawMode":0,"name":"Shaded","section":"Shading Mode"},"sceneLighting":false,"audioPlay":false,"sceneViewState":{"m_AlwaysRefresh":false,"showFog":true,"showSkybox":false,"showFlares":true,"showImageEffects":true,"showParticleSystems":true,"showVisualEffectGraphs":true,"m_FxEnabled":true},"in2DMode":false,"pivot":{"x":-9.071731567382813,"y":2.6254701614379885,"z":11.311351776123047},"rotation":{"x":0.050409942865371707,"y":-0.8305553197860718,"z":0.07620856910943985,"w":0.5493896007537842},"size":3.9713916778564455,"orthographic":false}