{"cameraMode":{"drawMode":0,"name":"Shaded","section":"Shading Mode"},"sceneLighting":false,"audioPlay":false,"sceneViewState":{"m_AlwaysRefresh":false,"showFog":true,"showSkybox":false,"showFlares":true,"showImageEffects":true,"showParticleSystems":true,"showVisualEffectGraphs":true,"m_FxEnabled":true},"in2DMode":false,"pivot":{"x":-0.03912818431854248,"y":0.986760139465332,"z":12.015056610107422},"rotation":{"x":0.050409942865371707,"y":-0.8305553197860718,"z":0.07620856910943985,"w":0.5493896007537842},"size":2.162712335586548,"orthographic":false}