{"cameraMode":{"drawMode":0,"name":"Shaded","section":"Shading Mode"},"sceneLighting":false,"audioPlay":false,"sceneViewState":{"m_AlwaysRefresh":false,"showFog":true,"showSkybox":false,"showFlares":true,"showImageEffects":true,"showParticleSystems":true,"showVisualEffectGraphs":true,"m_FxEnabled":true},"in2DMode":false,"pivot":{"x":69.76648712158203,"y":4.926939964294434,"z":1.7728710174560547},"rotation":{"x":0.022739747539162637,"y":-0.6518425345420837,"z":0.01956106163561344,"w":0.7577610611915588},"size":1.061551809310913,"orthographic":true}