{"cameraMode":{"drawMode":0,"name":"Shaded","section":"Shading Mode"},"sceneLighting":true,"audioPlay":false,"sceneViewState":{"m_AlwaysRefresh":false,"showFog":true,"showSkybox":true,"showFlares":true,"showImageEffects":true,"showParticleSystems":true,"showVisualEffectGraphs":true,"m_FxEnabled":true},"in2DMode":false,"pivot":{"x":601.0713500976563,"y":177.7652130126953,"z":-6.08624267578125},"rotation":{"x":0.0011882728431373835,"y":0.059062618762254718,"z":0.00007039464253466576,"w":-0.9982550144195557},"size":232.57835388183595,"orthographic":false}